"symptomes","maladie"
"maux de tête, toux sèche, fièvre, frissons","Grippe"
"toux sèche, difficultés respiratoires, douleurs musculaires, maux de tête","Covid-19"
"douleurs musculaires, transpiration abondante, frissons, douleurs abdominales, nausées","Paludisme"
"nausée, fatigue, maux d’estomac, perte d’appétit, diarrhée","Gastro-entérite"
"maux de gorge, maux de tête, nez qui coule","Rhume"
"nez qui coule, maux de gorge, frissons, courbatures, toux","Grippe"
"maux de tête, nausée, douleurs musculaires","Paludisme"
"fièvre, fatigue, toux sèche","Covid-19"
"vomissements, diarrhée, fièvre légère","Gastro-entérite"
"gorge très douloureuse, fièvre élevée, gorge rouge","Angine"
"maux de tête, gorge irritée, fatigue légère","Rhume"
"fièvre, frissons, maux de tête","Grippe"
"gorge irritée, fatigue légère, éternuements","Rhume"
"nez bouché, toux sèche, frissons, maux de gorge, toux","Grippe"
"nez bouché, maux de gorge, fatigue légère, maux de tête, toux légère","Rhume"
"maux de tête, maux de gorge, toux, courbatures, fatigue","Grippe"
"maux de ventre, nausée, maux d’estomac, vomissements","Gastro-entérite"
"nausée, diarrhée, maux de ventre, maux d’estomac","Gastro-entérite"
"frissons, transpiration abondante, nausées, fièvre élevée","Paludisme"
"nez qui coule, maux de tête, maux de gorge, fatigue légère","Rhume"
"toux légère, maux de tête, maux de gorge, nez bouché, nez qui coule","Rhume"
"toux sèche, perte d’odorat, maux de tête, douleurs musculaires","Covid-19"
"courbatures, maux de tête, toux, fatigue","Grippe"
"transpiration abondante, douleurs abdominales, fatigue, nausées","Paludisme"
"difficulté à avaler, ganglions enflés, fièvre élevée","Angine"
"fièvre modérée, difficultés respiratoires, fatigue","Covid-19"
"maux de gorge, frissons, fièvre, fatigue","Grippe"
"amygdales gonflées, fièvre, douleur à la déglutition","Angine"
"courbatures, nez qui coule, frissons, maux de gorge","Grippe"
"nez bouché, éternuements, fatigue légère, maux de tête, toux légère","Rhume"
"nez qui coule, éternuements, gorge irritée, fatigue légère","Rhume"
"fatigue, fièvre modérée, fièvre, maux de tête, perte d’odorat","Covid-19"
"nez bouché, nez qui coule, fatigue légère, toux légère, gorge irritée","Rhume"
"nausées, fièvre élevée, maux de tête, nausée, douleurs musculaires","Paludisme"
"fièvre légère, fatigue, maux de ventre","Gastro-entérite"
"gorge irritée, nez bouché, nez qui coule","Rhume"
"nausée, fièvre élevée, douleurs musculaires, douleurs abdominales, frissons","Paludisme"
"fièvre légère, crampes abdominales, perte d’appétit","Gastro-entérite"
"transpiration abondante, nausée, frissons, maux de tête, douleurs abdominales","Paludisme"
"nausée, crampes abdominales, diarrhée","Gastro-entérite"
"éternuements, toux légère, maux de tête, nez bouché, fatigue légère","Rhume"
"fatigue, transpiration abondante, fièvre élevée, nausées, douleurs musculaires","Paludisme"
"douleur à la déglutition, difficulté à avaler, amygdales gonflées","Angine"
"fièvre modérée, fatigue, fièvre","Covid-19"
"crampes abdominales, fatigue, maux d’estomac","Gastro-entérite"
"maux de tête, nausée, transpiration abondante","Paludisme"
"fièvre légère, vomissements, maux d’estomac, perte d’appétit, crampes abdominales","Gastro-entérite"
"fièvre modérée, fièvre, douleurs musculaires, maux de tête","Covid-19"
"ganglions enflés, gorge rouge, amygdales gonflées","Angine"
"toux sèche, fièvre, nez bouché, frissons, nez qui coule","Grippe"
"gorge rouge, gorge très douloureuse, douleur à la déglutition","Angine"
"fièvre légère, perte d’appétit, fatigue, vomissements","Gastro-entérite"
"gorge irritée, maux de tête, éternuements","Rhume"
"maux de tête, douleurs musculaires, frissons","Paludisme"
"maux de tête, fièvre, perte du goût, douleurs musculaires","Covid-19"
"toux sèche, nez bouché, toux","Grippe"
"maux d’estomac, crampes abdominales, vomissements","Gastro-entérite"
"nez qui coule, maux de tête, toux légère, fatigue légère, éternuements","Rhume"
"maux d’estomac, crampes abdominales, perte d’appétit, fièvre légère, maux de ventre","Gastro-entérite"
"maux de tête, nez bouché, nez qui coule, maux de gorge","Grippe"
"fatigue, maux d’estomac, vomissements, fièvre légère","Gastro-entérite"
"amygdales gonflées, difficulté à avaler, gorge très douloureuse","Angine"
"fatigue, nausées, fièvre élevée, douleurs musculaires, transpiration abondante","Paludisme"
"maux de tête, courbatures, toux, frissons","Grippe"
"maux d’estomac, fatigue, fièvre légère","Gastro-entérite"
"difficulté à avaler, fièvre élevée, gorge très douloureuse, douleur à la déglutition, gorge rouge","Angine"
"frissons, fièvre, nez qui coule","Grippe"
"courbatures, nez bouché, nez qui coule","Grippe"
"fièvre légère, maux de ventre, crampes abdominales","Gastro-entérite"
"maux de ventre, perte d’appétit, diarrhée","Gastro-entérite"
"gorge rouge, fièvre, amygdales gonflées, gorge très douloureuse, fièvre élevée","Angine"
"difficulté à avaler, gorge rouge, amygdales gonflées","Angine"
"toux légère, fatigue légère, éternuements","Rhume"
"maux de gorge, courbatures, maux de tête, fièvre","Grippe"
"nez bouché, éternuements, fatigue légère, toux légère","Rhume"
"nez qui coule, toux, maux de gorge, courbatures","Grippe"
"toux, fièvre, maux de tête, toux sèche, nez qui coule","Grippe"
"douleurs musculaires, fièvre modérée, fatigue, maux de tête","Covid-19"
"courbatures, nez qui coule, toux, fatigue, toux sèche","Grippe"
"maux de ventre, fièvre légère, vomissements","Gastro-entérite"
"maux d’estomac, diarrhée, vomissements","Gastro-entérite"
"fièvre, ganglions enflés, douleur à la déglutition, difficulté à avaler, gorge très douloureuse","Angine"
"toux sèche, difficultés respiratoires, perte du goût","Covid-19"
"difficulté à avaler, douleur à la déglutition, amygdales gonflées, fièvre élevée","Angine"
"maux de tête, fatigue, transpiration abondante","Paludisme"
"nausées, douleurs abdominales, transpiration abondante, nausée, maux de tête","Paludisme"
"maux de tête, nez bouché, fatigue légère, nez qui coule, maux de gorge","Rhume"
"fièvre, fièvre modérée, perte du goût, douleurs musculaires","Covid-19"
"douleurs musculaires, maux de tête, fièvre modérée, fatigue","Covid-19"
"éternuements, fatigue légère, maux de gorge, maux de tête","Rhume"
"fatigue, fièvre légère, perte d’appétit","Gastro-entérite"
"douleurs abdominales, nausées, nausée","Paludisme"
"gorge irritée, maux de tête, nez qui coule, toux légère, éternuements","Rhume"
"nez bouché, nez qui coule, toux légère","Rhume"
"fatigue, fièvre légère, nausée, maux d’estomac, diarrhée","Gastro-entérite"
"transpiration abondante, frissons, maux de tête","Paludisme"
"ganglions enflés, fièvre élevée, gorge très douloureuse, amygdales gonflées","Angine"
"toux sèche, fatigue, fièvre, courbatures","Grippe"
"fièvre élevée, transpiration abondante, douleurs abdominales, frissons, maux de tête","Paludisme"
"perte du goût, perte d’odorat, difficultés respiratoires, fièvre","Covid-19"
"nez bouché, fatigue, nez qui coule, toux, frissons","Grippe"
"frissons, transpiration abondante, nausées, nausée","Paludisme"
"gorge rouge, douleur à la déglutition, amygdales gonflées, fièvre élevée, ganglions enflés","Angine"
"crampes abdominales, diarrhée, fatigue, fièvre légère","Gastro-entérite"
"maux de gorge, nez bouché, nez qui coule","Rhume"
"fatigue, perte d’odorat, fièvre, perte du goût","Covid-19"
"fièvre légère, crampes abdominales, fatigue","Gastro-entérite"
"diarrhée, crampes abdominales, maux de ventre","Gastro-entérite"
"frissons, maux de tête, fatigue, transpiration abondante, fièvre élevée","Paludisme"
"nausée, vomissements, diarrhée, perte d’appétit, maux de ventre","Gastro-entérite"
"douleurs musculaires, nausée, transpiration abondante, douleurs abdominales","Paludisme"
"nez qui coule, fatigue légère, maux de gorge, toux légère","Rhume"
"fatigue, douleurs musculaires, difficultés respiratoires, toux sèche, perte du goût","Covid-19"
"nausées, douleurs abdominales, fièvre élevée, transpiration abondante","Paludisme"
"transpiration abondante, nausée, frissons","Paludisme"
"nez bouché, fatigue légère, gorge irritée, toux légère, maux de gorge","Rhume"
"perte d’odorat, douleurs musculaires, toux sèche","Covid-19"
"maux de tête, douleurs abdominales, nausée, frissons, fièvre élevée","Paludisme"
"fièvre, nez qui coule, frissons, maux de gorge","Grippe"
"douleur à la déglutition, fièvre élevée, difficulté à avaler","Angine"
"courbatures, nez bouché, frissons, fièvre","Grippe"
"toux sèche, difficultés respiratoires, perte du goût, fièvre, fièvre modérée","Covid-19"
"toux sèche, douleurs musculaires, fièvre","Covid-19"
"perte d’odorat, fatigue, toux sèche, difficultés respiratoires, douleurs musculaires","Covid-19"
"nez qui coule, gorge irritée, nez bouché","Rhume"
"fatigue, nausée, douleurs abdominales, nausées, transpiration abondante","Paludisme"
"toux légère, fatigue légère, éternuements, nez bouché, nez qui coule","Rhume"
"maux d’estomac, perte d’appétit, crampes abdominales, diarrhée, nausée","Gastro-entérite"
"douleur à la déglutition, ganglions enflés, fièvre, gorge rouge","Angine"
"crampes abdominales, diarrhée, perte d’appétit","Gastro-entérite"
"douleurs abdominales, maux de tête, transpiration abondante","Paludisme"
"nez qui coule, fatigue légère, maux de tête, éternuements","Rhume"
"gorge rouge, ganglions enflés, fièvre élevée","Angine"
"nez qui coule, fatigue légère, nez bouché, maux de gorge, toux légère","Rhume"
"difficulté à avaler, ganglions enflés, fièvre élevée","Angine"
"fièvre, douleurs musculaires, maux de tête, fatigue, perte du goût","Covid-19"
"frissons, douleurs musculaires, douleurs abdominales, fatigue, fièvre élevée","Paludisme"
"toux légère, maux de gorge, nez bouché","Rhume"
"maux d’estomac, crampes abdominales, fatigue","Gastro-entérite"
"fièvre, gorge très douloureuse, gorge rouge, ganglions enflés","Angine"
"fièvre, gorge rouge, douleur à la déglutition, difficulté à avaler","Angine"
"amygdales gonflées, ganglions enflés, fièvre, difficulté à avaler","Angine"
"perte d’appétit, fatigue, maux d’estomac","Gastro-entérite"
"douleur à la déglutition, amygdales gonflées, fièvre élevée, gorge rouge","Angine"
"transpiration abondante, fatigue, frissons, nausée","Paludisme"
"maux de tête, toux légère, maux de gorge","Rhume"
"toux légère, maux de tête, maux de gorge, gorge irritée","Rhume"
"douleurs abdominales, fatigue, fièvre élevée, transpiration abondante, douleurs musculaires","Paludisme"
"frissons, nausée, douleurs abdominales","Paludisme"
"fièvre modérée, fatigue, perte d’odorat, maux de tête","Covid-19"
"maux de tête, frissons, maux de gorge, nez qui coule, courbatures","Grippe"
"amygdales gonflées, fièvre, fièvre élevée, difficulté à avaler","Angine"
"maux de gorge, nez bouché, frissons, nez qui coule, toux","Grippe"
"douleurs abdominales, nausées, nausée","Paludisme"
"vomissements, fièvre légère, crampes abdominales, diarrhée","Gastro-entérite"
"douleurs abdominales, fièvre élevée, nausées, douleurs musculaires, nausée","Paludisme"
"ganglions enflés, fièvre, gorge très douloureuse","Angine"
"maux de ventre, maux d’estomac, nausée","Gastro-entérite"
"diarrhée, perte d’appétit, vomissements","Gastro-entérite"
"fièvre élevée, douleur à la déglutition, ganglions enflés","Angine"
"gorge rouge, difficulté à avaler, douleur à la déglutition, ganglions enflés","Angine"
"maux d’estomac, fatigue, maux de ventre, crampes abdominales","Gastro-entérite"
"éternuements, nez qui coule, maux de tête, toux légère","Rhume"
"nez qui coule, fièvre, toux, maux de gorge","Grippe"
"fièvre légère, maux de ventre, vomissements","Gastro-entérite"
"perte d’appétit, vomissements, diarrhée, nausée","Gastro-entérite"
"gorge très douloureuse, fièvre, gorge rouge, ganglions enflés","Angine"
"gorge rouge, amygdales gonflées, fièvre, fièvre élevée","Angine"
"maux d’estomac, maux de ventre, diarrhée, nausée","Gastro-entérite"
"douleurs abdominales, nausées, transpiration abondante, fièvre élevée, douleurs musculaires","Paludisme"
"fièvre élevée, amygdales gonflées, gorge rouge, difficulté à avaler","Angine"
"difficulté à avaler, amygdales gonflées, fièvre élevée, douleur à la déglutition, gorge très douloureuse","Angine"
"difficultés respiratoires, perte d’odorat, toux sèche","Covid-19"
"nez bouché, fatigue, fièvre, nez qui coule","Grippe"
"nez bouché, maux de tête, maux de gorge","Grippe"
"transpiration abondante, douleurs musculaires, douleurs abdominales, fatigue, fièvre élevée","Paludisme"
"fatigue légère, gorge irritée, toux légère, nez qui coule, maux de gorge","Rhume"
"vomissements, maux d’estomac, perte d’appétit, crampes abdominales","Gastro-entérite"
"fièvre, ganglions enflés, gorge rouge, gorge très douloureuse, fièvre élevée","Angine"
"amygdales gonflées, fièvre élevée, gorge rouge, difficulté à avaler","Angine"
"fièvre élevée, frissons, fatigue, douleurs musculaires","Paludisme"
"frissons, fièvre, fatigue, nez qui coule, maux de gorge","Grippe"
"toux sèche, nez qui coule, frissons, nez bouché, toux","Grippe"
"nausées, fièvre élevée, maux de tête, nausée","Paludisme"
"perte d’odorat, douleurs musculaires, perte du goût","Covid-19"
"gorge irritée, maux de tête, nez bouché, fatigue légère","Rhume"
"fatigue, perte du goût, difficultés respiratoires","Covid-19"
"fatigue, courbatures, fièvre","Grippe"
"difficulté à avaler, ganglions enflés, amygdales gonflées, gorge très douloureuse","Angine"
"fièvre, gorge très douloureuse, difficulté à avaler","Angine"
"perte d’odorat, fièvre modérée, douleurs musculaires","Covid-19"
"perte d’appétit, fatigue, diarrhée, maux d’estomac, maux de ventre","Gastro-entérite"
"maux de gorge, courbatures, nez bouché, frissons, fatigue","Grippe"
"crampes abdominales, perte d’appétit, diarrhée, vomissements","Gastro-entérite"
"maux de tête, fièvre, perte d’odorat, toux sèche, douleurs musculaires","Covid-19"
"nez bouché, fièvre, courbatures, toux sèche","Grippe"
"toux, maux de tête, nez qui coule, fatigue, courbatures","Grippe"
"douleur à la déglutition, difficulté à avaler, fièvre élevée, fièvre","Angine"
"fièvre modérée, toux sèche, douleurs musculaires, difficultés respiratoires, fatigue","Covid-19"
"gorge rouge, douleur à la déglutition, ganglions enflés, fièvre élevée, amygdales gonflées","Angine"
"nausée, frissons, fièvre élevée, transpiration abondante, maux de tête","Paludisme"
"perte d’odorat, fatigue, toux sèche","Covid-19"
"difficulté à avaler, gorge très douloureuse, fièvre élevée, douleur à la déglutition","Angine"
"nez qui coule, maux de tête, toux sèche","Grippe"
"douleur à la déglutition, ganglions enflés, fièvre élevée, gorge très douloureuse","Angine"
"éternuements, maux de tête, gorge irritée, maux de gorge","Rhume"
"nausée, nausées, fatigue, frissons, maux de tête","Paludisme"
"gorge irritée, maux de tête, fatigue légère, éternuements, toux légère","Rhume"
"nez bouché, éternuements, maux de gorge, maux de tête","Rhume"
"gorge rouge, amygdales gonflées, douleur à la déglutition, gorge très douloureuse","Angine"
"maux de gorge, gorge irritée, fatigue légère, toux légère, nez bouché","Rhume"
"maux de ventre, crampes abdominales, perte d’appétit","Gastro-entérite"
"maux de gorge, courbatures, fièvre, fatigue","Grippe"
"frissons, transpiration abondante, fièvre élevée, nausées, fatigue","Paludisme"
"perte d’appétit, fièvre légère, maux d’estomac, vomissements, fatigue","Gastro-entérite"
"nez qui coule, maux de gorge, toux légère, gorge irritée, maux de tête","Rhume"
"maux de tête, fatigue, toux sèche, toux, nez qui coule","Grippe"
"maux de tête, douleurs musculaires, fièvre modérée","Covid-19"
"éternuements, gorge irritée, maux de tête","Rhume"
"douleurs musculaires, douleurs abdominales, fatigue, fièvre élevée, nausée","Paludisme"
"vomissements, fièvre légère, fatigue","Gastro-entérite"
"nez qui coule, frissons, fatigue","Grippe"
"transpiration abondante, nausées, nausée, douleurs abdominales, frissons","Paludisme"
"maux de tête, nez qui coule, maux de gorge","Rhume"
"crampes abdominales, nausée, diarrhée","Gastro-entérite"
"diarrhée, maux de ventre, fièvre légère","Gastro-entérite"
"maux de tête, fatigue, douleurs musculaires, douleurs abdominales, transpiration abondante","Paludisme"
"courbatures, toux sèche, maux de tête","Grippe"
"nez qui coule, fatigue légère, maux de tête","Rhume"
"frissons, maux de tête, fatigue, transpiration abondante, douleurs musculaires","Paludisme"
"fièvre élevée, maux de tête, nausées","Paludisme"
"douleurs abdominales, maux de tête, douleurs musculaires, transpiration abondante","Paludisme"
"fièvre, gorge très douloureuse, amygdales gonflées, gorge rouge","Angine"
"maux de gorge, nez qui coule, nez bouché, toux, toux sèche","Grippe"
"gorge irritée, maux de tête, toux légère, nez bouché","Rhume"
"perte du goût, fatigue, perte d’odorat","Covid-19"
"fatigue, maux de tête, maux de gorge","Grippe"
"fièvre modérée, difficultés respiratoires, perte du goût, fatigue, toux sèche","Covid-19"
"nez bouché, éternuements, fatigue légère","Rhume"
"fièvre élevée, difficulté à avaler, douleur à la déglutition, amygdales gonflées, gorge très douloureuse","Angine"
"courbatures, toux, toux sèche, nez bouché, fatigue","Grippe"
"fatigue légère, maux de gorge, gorge irritée, toux légère, nez bouché","Rhume"
"fatigue, fièvre, difficultés respiratoires, fièvre modérée","Covid-19"
"amygdales gonflées, fièvre élevée, douleur à la déglutition, gorge très douloureuse, difficulté à avaler","Angine"
"fatigue, maux de ventre, perte d’appétit, maux d’estomac, fièvre légère","Gastro-entérite"
"crampes abdominales, perte d’appétit, fatigue, maux d’estomac, fièvre légère","Gastro-entérite"
"nez qui coule, éternuements, gorge irritée, fatigue légère, nez bouché","Rhume"
"crampes abdominales, vomissements, nausée, fatigue","Gastro-entérite"
"fièvre, frissons, toux sèche, maux de tête","Grippe"
"maux de tête, perte d’odorat, fatigue","Covid-19"
"frissons, maux de tête, fièvre élevée","Paludisme"
"maux de ventre, perte d’appétit, fièvre légère, maux d’estomac, fatigue","Gastro-entérite"
"fièvre élevée, douleur à la déglutition, gorge rouge, ganglions enflés, difficulté à avaler","Angine"
"frissons, fatigue, nez bouché, maux de gorge","Grippe"
"toux sèche, maux de gorge, courbatures, nez bouché, frissons","Grippe"
"maux de tête, toux légère, éternuements, nez qui coule","Rhume"
"douleur à la déglutition, gorge rouge, difficulté à avaler, amygdales gonflées","Angine"
"crampes abdominales, perte d’appétit, fièvre légère","Gastro-entérite"
"fatigue, difficultés respiratoires, toux sèche, fièvre modérée, maux de tête","Covid-19"
"diarrhée, maux d’estomac, nausée, fatigue, perte d’appétit","Gastro-entérite"
"fatigue, maux de ventre, vomissements","Gastro-entérite"
"fatigue, nez bouché, fièvre, maux de tête, maux de gorge","Grippe"
"diarrhée, perte d’appétit, maux d’estomac","Gastro-entérite"
"gorge très douloureuse, amygdales gonflées, difficulté à avaler, ganglions enflés","Angine"
"douleur à la déglutition, amygdales gonflées, gorge rouge, gorge très douloureuse","Angine"
"maux de tête, perte du goût, fatigue, fièvre, toux sèche","Covid-19"
"éternuements, gorge irritée, maux de gorge, toux légère","Rhume"
"fatigue, toux sèche, courbatures, nez bouché","Grippe"
"douleurs musculaires, nausée, nausées","Paludisme"
"maux de tête, fièvre élevée, nausées","Paludisme"
"maux de ventre, fatigue, perte d’appétit, fièvre légère, maux d’estomac","Gastro-entérite"
"diarrhée, maux d’estomac, nausée, fatigue","Gastro-entérite"
"gorge très douloureuse, gorge rouge, ganglions enflés, fièvre élevée","Angine"
"maux de gorge, nez qui coule, fatigue légère, gorge irritée","Rhume"
"nausées, transpiration abondante, nausée, douleurs musculaires, maux de tête","Paludisme"
"maux de gorge, fatigue, nez qui coule","Grippe"
"gorge très douloureuse, amygdales gonflées, fièvre élevée","Angine"
"gorge très douloureuse, fièvre, fièvre élevée","Angine"
"fatigue, transpiration abondante, nausée, frissons, nausées","Paludisme"
"fièvre, courbatures, maux de gorge, toux sèche, toux","Grippe"
"toux sèche, maux de tête, perte d’odorat","Covid-19"
"toux, fièvre, maux de gorge","Grippe"
"crampes abdominales, maux de ventre, nausée, maux d’estomac, perte d’appétit","Gastro-entérite"
"frissons, fatigue, toux","Grippe"
"toux sèche, difficultés respiratoires, fièvre, douleurs musculaires","Covid-19"
"fatigue, douleurs musculaires, nausées, nausée","Paludisme"
"nausée, fièvre légère, vomissements","Gastro-entérite"
"fatigue, difficultés respiratoires, perte d’odorat, fièvre, toux sèche","Covid-19"
"fièvre élevée, difficulté à avaler, douleur à la déglutition","Angine"
"fatigue légère, nez bouché, toux légère, maux de gorge, éternuements","Rhume"
"frissons, fièvre élevée, transpiration abondante, maux de tête","Paludisme"
"fièvre, difficultés respiratoires, fièvre modérée, douleurs musculaires, perte d’odorat","Covid-19"
"frissons, nez bouché, fatigue, maux de tête","Grippe"
"maux de tête, douleurs musculaires, fatigue","Covid-19"
"toux sèche, difficultés respiratoires, maux de tête, fièvre","Covid-19"
"perte d’appétit, maux de ventre, fatigue","Gastro-entérite"
"maux de tête, nez bouché, éternuements, fatigue légère, maux de gorge","Rhume"
"ganglions enflés, fièvre élevée, fièvre, douleur à la déglutition","Angine"
"maux de gorge, nez bouché, gorge irritée, maux de tête, fatigue légère","Rhume"
"perte d’odorat, fièvre, fatigue","Covid-19"
"fièvre, difficulté à avaler, fièvre élevée, gorge très douloureuse","Angine"
"toux, fatigue, nez qui coule, maux de gorge","Grippe"
"maux de tête, nez qui coule, toux légère","Rhume"
"fatigue, douleurs musculaires, douleurs abdominales, maux de tête, nausées","Paludisme"
"fatigue, nausée, vomissements, diarrhée, perte d’appétit","Gastro-entérite"
"gorge irritée, maux de tête, éternuements, maux de gorge, toux légère","Rhume"
"éternuements, toux légère, nez bouché","Rhume"
"douleurs musculaires, maux de tête, douleurs abdominales, nausée, fièvre élevée","Paludisme"
"transpiration abondante, douleurs musculaires, nausée","Paludisme"
"maux de tête, douleurs musculaires, transpiration abondante, frissons, fatigue","Paludisme"
"fièvre élevée, douleur à la déglutition, fièvre","Angine"
"fièvre légère, maux d’estomac, fatigue, maux de ventre","Gastro-entérite"
"diarrhée, nausée, crampes abdominales, maux d’estomac, maux de ventre","Gastro-entérite"
"gorge rouge, difficulté à avaler, amygdales gonflées","Angine"
"fièvre élevée, ganglions enflés, gorge rouge, douleur à la déglutition, gorge très douloureuse","Angine"
"éternuements, fatigue légère, maux de tête, toux légère, maux de gorge","Rhume"
"fatigue, toux sèche, difficultés respiratoires","Covid-19"
"fièvre élevée, douleur à la déglutition, gorge très douloureuse, difficulté à avaler","Angine"
"toux sèche, fièvre, perte d’odorat, fatigue, maux de tête","Covid-19"
"fatigue, fièvre modérée, toux sèche, perte du goût","Covid-19"
"éternuements, maux de gorge, fatigue légère, toux légère","Rhume"
"fièvre modérée, perte d’odorat, toux sèche","Covid-19"
"douleurs musculaires, toux sèche, perte du goût, maux de tête","Covid-19"
"douleurs musculaires, perte du goût, perte d’odorat, maux de tête","Covid-19"
"douleurs musculaires, fièvre modérée, fièvre, perte d’odorat","Covid-19"
"maux de gorge, toux légère, fatigue légère","Rhume"
"fatigue, fièvre élevée, frissons, nausée","Paludisme"
"douleurs musculaires, nausées, maux de tête","Paludisme"
"difficultés respiratoires, douleurs musculaires, perte du goût","Covid-19"
"vomissements, maux d’estomac, perte d’appétit, diarrhée","Gastro-entérite"
"perte d’appétit, maux d’estomac, nausée, vomissements","Gastro-entérite"
"toux, frissons, fièvre, maux de tête, nez qui coule","Grippe"
"maux d’estomac, vomissements, fièvre légère","Gastro-entérite"
"nez bouché, éternuements, fatigue légère","Rhume"
"fièvre, nez qui coule, fatigue, frissons, nez bouché","Grippe"
"toux légère, maux de gorge, maux de tête","Rhume"
"diarrhée, vomissements, crampes abdominales","Gastro-entérite"
"douleurs musculaires, fatigue, nausée, douleurs abdominales","Paludisme"
"douleurs musculaires, transpiration abondante, douleurs abdominales, maux de tête","Paludisme"
"maux de ventre, perte d’appétit, maux d’estomac","Gastro-entérite"
"fièvre, difficulté à avaler, gorge rouge","Angine"
"nez bouché, maux de gorge, éternuements, nez qui coule","Rhume"
"fièvre, courbatures, maux de gorge","Grippe"
"perte d’appétit, vomissements, diarrhée","Gastro-entérite"
"fatigue, toux, maux de tête","Grippe"
"amygdales gonflées, fièvre, gorge rouge, difficulté à avaler, fièvre élevée","Angine"
"frissons, douleurs abdominales, nausée","Paludisme"
"éternuements, fatigue légère, toux légère, gorge irritée, maux de tête","Rhume"
"fatigue, maux de tête, difficultés respiratoires, fièvre, douleurs musculaires","Covid-19"
"nez qui coule, fatigue légère, nez bouché, éternuements","Rhume"
"maux de gorge, fièvre, frissons, nez qui coule","Grippe"
"crampes abdominales, maux de ventre, diarrhée, vomissements, perte d’appétit","Gastro-entérite"
"frissons, fatigue, douleurs musculaires","Paludisme"
"maux de ventre, fièvre légère, crampes abdominales, diarrhée, nausée","Gastro-entérite"
"fatigue légère, toux légère, nez bouché","Rhume"
"fièvre élevée, gorge rouge, douleur à la déglutition, difficulté à avaler, amygdales gonflées","Angine"
"fatigue, frissons, maux de tête","Grippe"
"maux de tête, frissons, douleurs musculaires, fièvre élevée, nausées","Paludisme"
"maux de gorge, nez qui coule, toux légère, maux de tête, gorge irritée","Rhume"
"fièvre modérée, douleurs musculaires, fièvre, difficultés respiratoires","Covid-19"
"gorge rouge, fièvre élevée, difficulté à avaler, gorge très douloureuse, fièvre","Angine"
"maux de tête, nez bouché, nez qui coule, gorge irritée","Rhume"
"fièvre, perte du goût, toux sèche, maux de tête","Covid-19"
"frissons, maux de gorge, nez bouché","Grippe"
"fièvre modérée, perte d’odorat, fièvre, douleurs musculaires","Covid-19"
"fièvre, perte du goût, fièvre modérée, fatigue, toux sèche","Covid-19"
"ganglions enflés, gorge rouge, amygdales gonflées","Angine"
"fièvre modérée, fièvre, difficultés respiratoires, perte d’odorat","Covid-19"
"maux de tête, nez qui coule, fatigue","Grippe"
"maux de tête, nez qui coule, nez bouché, fatigue légère","Rhume"
"amygdales gonflées, douleur à la déglutition, fièvre élevée","Angine"
"perte d’appétit, vomissements, crampes abdominales, maux d’estomac, fatigue","Gastro-entérite"
"crampes abdominales, maux d’estomac, diarrhée, vomissements","Gastro-entérite"
"éternuements, toux légère, gorge irritée","Rhume"
"fatigue, perte du goût, maux de tête, fièvre modérée","Covid-19"
"frissons, douleurs abdominales, douleurs musculaires, maux de tête","Paludisme"
"gorge très douloureuse, douleur à la déglutition, fièvre, difficulté à avaler, amygdales gonflées","Angine"
"toux, maux de tête, nez bouché, toux sèche, courbatures","Grippe"
"fatigue, nausée, frissons","Paludisme"
"toux légère, éternuements, maux de tête","Rhume"
"fatigue, nausée, frissons, nausées","Paludisme"
"perte d’appétit, maux de ventre, maux d’estomac","Gastro-entérite"
"éternuements, maux de gorge, maux de tête, toux légère","Rhume"
"douleur à la déglutition, gorge très douloureuse, amygdales gonflées, fièvre","Angine"
"fièvre légère, maux d’estomac, diarrhée, vomissements, crampes abdominales","Gastro-entérite"
"fièvre modérée, maux de tête, difficultés respiratoires","Covid-19"
"transpiration abondante, nausées, douleurs musculaires, fatigue","Paludisme"
"maux d’estomac, fièvre légère, nausée, vomissements, perte d’appétit","Gastro-entérite"
"fièvre, maux de gorge, maux de tête","Grippe"
"maux de tête, courbatures, toux sèche, fatigue","Grippe"
"éternuements, nez bouché, gorge irritée, toux légère","Rhume"
"maux de tête, douleurs musculaires, perte d’odorat, toux sèche","Covid-19"
"perte d’appétit, nausée, maux d’estomac","Gastro-entérite"
"gorge très douloureuse, ganglions enflés, difficulté à avaler, fièvre élevée, fièvre","Angine"
"amygdales gonflées, gorge très douloureuse, gorge rouge, fièvre élevée","Angine"
"diarrhée, nausée, crampes abdominales, perte d’appétit, fatigue","Gastro-entérite"
"difficulté à avaler, douleur à la déglutition, amygdales gonflées, gorge rouge, gorge très douloureuse","Angine"
"fatigue, nausée, maux de tête, douleurs abdominales","Paludisme"
"nez qui coule, maux de tête, gorge irritée, nez bouché","Rhume"
"transpiration abondante, fatigue, fièvre élevée, maux de tête, douleurs abdominales","Paludisme"
"éternuements, nez bouché, toux légère, nez qui coule","Rhume"
"transpiration abondante, nausée, frissons, nausées, fièvre élevée","Paludisme"
"gorge très douloureuse, fièvre, douleur à la déglutition, gorge rouge","Angine"
"diarrhée, fatigue, fièvre légère, vomissements, maux de ventre","Gastro-entérite"
"maux de ventre, fièvre légère, fatigue","Gastro-entérite"
"douleurs abdominales, frissons, fatigue, transpiration abondante","Paludisme"
"maux d’estomac, nausée, fatigue, maux de ventre, perte d’appétit","Gastro-entérite"
"nez qui coule, fatigue légère, toux légère","Rhume"
"difficulté à avaler, gorge très douloureuse, ganglions enflés, fièvre élevée, fièvre","Angine"
"toux, maux de tête, toux sèche, fièvre, maux de gorge","Grippe"
"amygdales gonflées, ganglions enflés, gorge rouge","Angine"
"fièvre, difficulté à avaler, fièvre élevée","Angine"
"perte d’odorat, fièvre, fatigue, perte du goût","Covid-19"
"maux de tête, douleurs musculaires, perte du goût","Covid-19"
"fièvre, douleur à la déglutition, gorge rouge","Angine"
"fatigue légère, gorge irritée, nez qui coule, éternuements","Rhume"
"nez bouché, maux de tête, fièvre, maux de gorge, toux sèche","Grippe"
"nez bouché, courbatures, frissons, fièvre","Grippe"
"nez qui coule, maux de tête, éternuements, gorge irritée","Rhume"
"fièvre, gorge rouge, gorge très douloureuse, fièvre élevée","Angine"
"nausée, fatigue, frissons, nausées","Paludisme"
"difficultés respiratoires, perte d’odorat, toux sèche, douleurs musculaires","Covid-19"
"maux de gorge, nez qui coule, toux légère","Rhume"
"douleurs abdominales, nausées, douleurs musculaires, fatigue, nausée","Paludisme"
"maux d’estomac, maux de ventre, perte d’appétit","Gastro-entérite"
"fièvre modérée, maux de tête, difficultés respiratoires, fièvre","Covid-19"
"perte d’odorat, maux de tête, perte du goût","Covid-19"
"toux légère, nez bouché, nez qui coule","Rhume"
"perte d’odorat, fièvre, maux de tête, fatigue","Covid-19"
"vomissements, fièvre légère, fatigue, crampes abdominales, maux d’estomac","Gastro-entérite"
"nausée, maux de ventre, perte d’appétit, crampes abdominales, vomissements","Gastro-entérite"
"maux de tête, toux, maux de gorge, toux sèche","Grippe"
"maux de gorge, maux de tête, gorge irritée, nez bouché","Rhume"
"toux légère, fatigue légère, nez bouché","Rhume"
"fatigue, courbatures, frissons","Grippe"
"maux de ventre, fatigue, diarrhée, nausée, perte d’appétit","Gastro-entérite"
"toux sèche, fatigue, difficultés respiratoires, maux de tête","Covid-19"
"vomissements, nausée, fièvre légère, fatigue","Gastro-entérite"
"maux de gorge, courbatures, maux de tête","Grippe"
"fièvre, fièvre élevée, gorge rouge","Angine"
"nez bouché, maux de tête, nez qui coule, courbatures, toux sèche","Grippe"
"douleurs abdominales, maux de tête, fatigue","Paludisme"
"fièvre, difficultés respiratoires, fièvre modérée","Covid-19"
"douleurs musculaires, transpiration abondante, fièvre élevée, douleurs abdominales, frissons","Paludisme"
"fièvre légère, crampes abdominales, maux de ventre, vomissements, perte d’appétit","Gastro-entérite"
"nausée, frissons, nausées, transpiration abondante, douleurs abdominales","Paludisme"
"toux, nez qui coule, fatigue, maux de tête","Grippe"
"perte d’odorat, fièvre modérée, perte du goût, fièvre","Covid-19"
"courbatures, nez qui coule, maux de tête, fièvre","Grippe"
"fatigue, maux de ventre, perte d’appétit, nausée, crampes abdominales","Gastro-entérite"
"gorge irritée, toux légère, fatigue légère, nez qui coule, nez bouché","Rhume"
"gorge très douloureuse, amygdales gonflées, ganglions enflés","Angine"
"nez qui coule, éternuements, nez bouché","Rhume"
"amygdales gonflées, difficulté à avaler, douleur à la déglutition, gorge très douloureuse","Angine"
"maux de tête, nez qui coule, courbatures","Grippe"
"maux de gorge, gorge irritée, maux de tête, nez bouché","Rhume"
"nez qui coule, fièvre, fatigue","Grippe"
"ganglions enflés, douleur à la déglutition, fièvre élevée","Angine"
"nausée, fatigue, transpiration abondante, douleurs musculaires","Paludisme"
"nez qui coule, toux, courbatures, frissons, maux de tête","Grippe"
"perte du goût, fièvre, fièvre modérée, douleurs musculaires","Covid-19"
"vomissements, crampes abdominales, maux de ventre, perte d’appétit","Gastro-entérite"
"fatigue, nausées, nausée, douleurs musculaires, fièvre élevée","Paludisme"
"nez qui coule, toux légère, maux de tête, maux de gorge","Rhume"
"fatigue, fièvre, maux de tête, douleurs musculaires, perte d’odorat","Covid-19"
"maux de gorge, maux de tête, gorge irritée, toux légère, éternuements","Rhume"
"fatigue, maux de tête, toux, nez qui coule","Grippe"
"fatigue, maux de gorge, frissons, maux de tête, toux sèche","Grippe"
"nausée, nausées, fatigue, transpiration abondante, maux de tête","Paludisme"
"nausées, douleurs abdominales, douleurs musculaires, frissons","Paludisme"
"éternuements, nez qui coule, nez bouché, maux de tête, fatigue légère","Rhume"
"fatigue, nausées, douleurs musculaires","Paludisme"
"nausées, frissons, nausée","Paludisme"
"maux de gorge, maux de tête, éternuements","Rhume"
"diarrhée, fièvre légère, nausée, perte d’appétit, vomissements","Gastro-entérite"
"diarrhée, fatigue, perte d’appétit, nausée, maux d’estomac","Gastro-entérite"
"toux légère, nez bouché, gorge irritée","Rhume"
"nausées, douleurs musculaires, nausée","Paludisme"
"fatigue, fièvre modérée, perte d’odorat, douleurs musculaires, perte du goût","Covid-19"
"gorge irritée, nez qui coule, nez bouché","Rhume"
"fièvre élevée, douleurs musculaires, maux de tête, nausées, fatigue","Paludisme"
"maux de gorge, nez qui coule, éternuements, fatigue légère, maux de tête","Rhume"
"crampes abdominales, fatigue, maux d’estomac, nausée","Gastro-entérite"
"maux d’estomac, perte d’appétit, nausée, maux de ventre","Gastro-entérite"
"fièvre élevée, fièvre, ganglions enflés, douleur à la déglutition, difficulté à avaler","Angine"
"fièvre légère, vomissements, nausée","Gastro-entérite"
"ganglions enflés, douleur à la déglutition, difficulté à avaler","Angine"
"crampes abdominales, nausée, maux de ventre, perte d’appétit, diarrhée","Gastro-entérite"
"perte d’appétit, vomissements, diarrhée, nausée, fatigue","Gastro-entérite"
"frissons, fièvre, maux de tête, maux de gorge","Grippe"
"toux légère, maux de gorge, éternuements","Rhume"
"douleur à la déglutition, ganglions enflés, gorge très douloureuse","Angine"
"fièvre, frissons, toux sèche","Grippe"
"fatigue, toux, toux sèche, fièvre","Grippe"
"toux sèche, courbatures, nez bouché","Grippe"
"gorge très douloureuse, difficulté à avaler, amygdales gonflées, fièvre élevée, douleur à la déglutition","Angine"
"toux légère, maux de gorge, nez bouché, éternuements, gorge irritée","Rhume"
"frissons, toux, courbatures","Grippe"
"nez bouché, nez qui coule, toux légère, maux de tête, maux de gorge","Rhume"
"maux d’estomac, vomissements, fatigue, perte d’appétit, nausée","Gastro-entérite"
"nausée, frissons, maux de tête, nausées, douleurs musculaires","Paludisme"
"fatigue légère, nez bouché, nez qui coule","Rhume"
"fatigue légère, éternuements, maux de gorge","Rhume"
"gorge irritée, nez qui coule, nez bouché, maux de gorge","Rhume"
"douleurs abdominales, transpiration abondante, nausée","Paludisme"
"gorge irritée, nez qui coule, maux de tête, fatigue légère, éternuements","Rhume"
"nausée, douleurs abdominales, fièvre élevée, fatigue","Paludisme"
"gorge très douloureuse, fièvre élevée, douleur à la déglutition","Angine"
"toux sèche, fièvre modérée, difficultés respiratoires","Covid-19"
"douleurs musculaires, fièvre modérée, difficultés respiratoires, toux sèche","Covid-19"
"fatigue, fièvre élevée, douleurs musculaires","Paludisme"
"maux de tête, nez qui coule, toux sèche, courbatures, toux","Grippe"
"nez bouché, maux de gorge, toux légère, maux de tête","Rhume"
"courbatures, toux, maux de tête, toux sèche","Grippe"
"difficulté à avaler, fièvre élevée, douleur à la déglutition, fièvre, gorge rouge","Angine"
"douleurs musculaires, frissons, transpiration abondante, fatigue, nausée","Paludisme"
"fatigue, nausée, vomissements","Gastro-entérite"
"toux sèche, maux de tête, toux, maux de gorge, fatigue","Grippe"
"douleurs abdominales, fièvre élevée, nausée, transpiration abondante, fatigue","Paludisme"
"maux de tête, nez bouché, éternuements","Rhume"
"nez bouché, nez qui coule, toux sèche, frissons","Grippe"
"fièvre, maux de tête, toux sèche, nez bouché","Grippe"
"éternuements, fatigue légère, nez bouché","Rhume"
"fièvre, perte d’odorat, difficultés respiratoires, perte du goût","Covid-19"
"ganglions enflés, fièvre, douleur à la déglutition, gorge très douloureuse, fièvre élevée","Angine"
"crampes abdominales, fièvre légère, maux de ventre","Gastro-entérite"
"nausée, nausées, douleurs musculaires, transpiration abondante, fièvre élevée","Paludisme"
"éternuements, maux de tête, fatigue légère","Rhume"
"diarrhée, crampes abdominales, vomissements","Gastro-entérite"
"fatigue légère, nez qui coule, éternuements","Rhume"
"nausée, transpiration abondante, nausées","Paludisme"
"maux de tête, fièvre, fatigue, difficultés respiratoires","Covid-19"
"fatigue, vomissements, fièvre légère, maux de ventre, nausée","Gastro-entérite"
"toux sèche, courbatures, maux de tête","Grippe"
"difficultés respiratoires, fatigue, perte d’odorat","Covid-19"
"douleurs musculaires, maux de tête, fièvre élevée, transpiration abondante, nausée","Paludisme"
"diarrhée, fièvre légère, perte d’appétit","Gastro-entérite"
"frissons, nausées, douleurs abdominales, fièvre élevée, douleurs musculaires","Paludisme"
"fatigue, douleurs abdominales, frissons","Paludisme"
"fièvre, douleurs musculaires, perte du goût, toux sèche","Covid-19"
"nausée, frissons, fièvre élevée, douleurs abdominales","Paludisme"
"frissons, transpiration abondante, maux de tête, douleurs musculaires","Paludisme"
"fatigue légère, maux de gorge, nez qui coule","Rhume"
"nausée, perte d’appétit, fatigue","Gastro-entérite"
"frissons, fièvre élevée, maux de tête","Paludisme"
"fièvre, ganglions enflés, gorge rouge, amygdales gonflées","Angine"
"maux de tête, toux légère, nez bouché","Rhume"
"maux d’estomac, crampes abdominales, perte d’appétit, vomissements","Gastro-entérite"
"nez qui coule, gorge irritée, toux légère","Rhume"
"douleurs abdominales, frissons, transpiration abondante, fièvre élevée, nausées","Paludisme"
"toux sèche, maux de tête, fièvre, nez bouché","Grippe"
"toux légère, nez qui coule, nez bouché, éternuements","Rhume"
"crampes abdominales, vomissements, maux d’estomac","Gastro-entérite"
"douleurs abdominales, transpiration abondante, nausée","Paludisme"
"fièvre, difficulté à avaler, ganglions enflés","Angine"
"toux sèche, difficultés respiratoires, perte du goût, fièvre, maux de tête","Covid-19"
"maux de gorge, éternuements, toux légère","Rhume"
"courbatures, frissons, nez bouché, toux","Grippe"
"nausée, nausées, douleurs abdominales, fièvre élevée","Paludisme"
"nausée, maux de ventre, crampes abdominales","Gastro-entérite"
"nez qui coule, nez bouché, toux","Grippe"
"frissons, fièvre, nez bouché, toux","Grippe"
"fièvre élevée, fatigue, frissons, douleurs abdominales","Paludisme"
"douleurs abdominales, douleurs musculaires, fièvre élevée, transpiration abondante","Paludisme"
"courbatures, fièvre, fatigue","Grippe"
"douleurs musculaires, frissons, nausée, nausées","Paludisme"
"fièvre, fièvre élevée, difficulté à avaler","Angine"
"maux de gorge, toux légère, maux de tête","Rhume"
"difficultés respiratoires, perte du goût, fièvre","Covid-19"
"maux de tête, transpiration abondante, nausées, nausée, fièvre élevée","Paludisme"
"maux de tête, éternuements, gorge irritée, fatigue légère, nez bouché","Rhume"
"perte d’odorat, fièvre, maux de tête, difficultés respiratoires, fatigue","Covid-19"
"fatigue, nausée, fièvre légère, vomissements","Gastro-entérite"
"douleurs musculaires, frissons, transpiration abondante","Paludisme"
"fièvre, fièvre élevée, gorge très douloureuse","Angine"
"fièvre, toux sèche, fatigue","Grippe"
"fatigue, fièvre élevée, maux de tête","Paludisme"
"gorge rouge, amygdales gonflées, fièvre élevée, douleur à la déglutition","Angine"
"nausées, maux de tête, fièvre élevée, douleurs abdominales, transpiration abondante","Paludisme"
"fatigue, maux d’estomac, nausée, maux de ventre","Gastro-entérite"
"ganglions enflés, amygdales gonflées, gorge très douloureuse","Angine"
"douleur à la déglutition, fièvre, gorge rouge, fièvre élevée, amygdales gonflées","Angine"
"maux de gorge, toux légère, maux de tête, éternuements, gorge irritée","Rhume"
"fièvre modérée, perte d’odorat, fatigue, fièvre","Covid-19"
"courbatures, frissons, maux de tête, maux de gorge","Grippe"
"ganglions enflés, difficulté à avaler, amygdales gonflées, gorge rouge, gorge très douloureuse","Angine"
"diarrhée, maux de ventre, nausée, maux d’estomac","Gastro-entérite"
"nez bouché, fatigue légère, gorge irritée, nez qui coule","Rhume"
"fièvre élevée, maux de tête, frissons","Paludisme"
"vomissements, nausée, fatigue, crampes abdominales","Gastro-entérite"
"fatigue, frissons, maux de gorge, nez qui coule","Grippe"
"toux sèche, douleurs musculaires, fatigue, fièvre modérée, maux de tête","Covid-19"
"douleur à la déglutition, gorge rouge, fièvre élevée, fièvre","Angine"
"perte d’odorat, difficultés respiratoires, douleurs musculaires","Covid-19"
"fièvre, gorge rouge, fièvre élevée, ganglions enflés","Angine"
"fatigue légère, gorge irritée, nez bouché, nez qui coule, maux de gorge","Rhume"
"fatigue, vomissements, maux d’estomac, maux de ventre","Gastro-entérite"
"nausée, nausées, transpiration abondante","Paludisme"
"perte du goût, perte d’odorat, fatigue, fièvre, maux de tête","Covid-19"
"fatigue, maux d’estomac, perte d’appétit","Gastro-entérite"
"nausée, diarrhée, vomissements","Gastro-entérite"
"nausées, transpiration abondante, fièvre élevée, fatigue","Paludisme"
"fièvre, maux de tête, nez qui coule, toux sèche, toux","Grippe"
"gorge très douloureuse, gorge rouge, fièvre élevée, amygdales gonflées","Angine"
"maux de tête, douleurs musculaires, frissons, nausées, fièvre élevée","Paludisme"
"toux, courbatures, fatigue, toux sèche","Grippe"
"nez qui coule, fièvre, courbatures","Grippe"
"fatigue, frissons, transpiration abondante, nausées","Paludisme"
"douleurs musculaires, maux de tête, toux sèche, fatigue","Covid-19"
"nez qui coule, éternuements, nez bouché, toux légère, gorge irritée","Rhume"
"maux de tête, douleurs abdominales, douleurs musculaires","Paludisme"
"gorge très douloureuse, douleur à la déglutition, difficulté à avaler","Angine"
"maux de tête, frissons, nez bouché, fatigue","Grippe"
"nez bouché, maux de gorge, toux, nez qui coule","Grippe"
"fatigue légère, maux de tête, maux de gorge, nez bouché, gorge irritée","Rhume"
"toux, nez qui coule, fièvre, toux sèche, frissons","Grippe"
"nez bouché, courbatures, maux de tête","Grippe"
"maux de tête, frissons, fièvre élevée, nausées","Paludisme"
"fièvre légère, diarrhée, vomissements, maux d’estomac, maux de ventre","Gastro-entérite"
"fièvre, douleur à la déglutition, fièvre élevée, gorge rouge","Angine"
"ganglions enflés, fièvre élevée, gorge très douloureuse, amygdales gonflées, fièvre","Angine"
"ganglions enflés, difficulté à avaler, fièvre","Angine"
"nez bouché, nez qui coule, fatigue légère, toux légère, maux de tête","Rhume"
"difficultés respiratoires, fièvre, douleurs musculaires, toux sèche, maux de tête","Covid-19"
"nausées, fièvre élevée, fatigue, douleurs musculaires, transpiration abondante","Paludisme"
"fatigue, transpiration abondante, nausée, douleurs abdominales","Paludisme"
"gorge irritée, nez qui coule, toux légère, nez bouché","Rhume"
"fatigue, maux de tête, toux sèche","Covid-19"
"amygdales gonflées, difficulté à avaler, gorge très douloureuse, douleur à la déglutition","Angine"
"nez bouché, toux sèche, toux, fièvre, maux de tête","Grippe"
"nez bouché, toux, fièvre, nez qui coule","Grippe"
"amygdales gonflées, fièvre, ganglions enflés","Angine"
"maux de tête, fatigue légère, nez bouché","Rhume"
"maux de tête, toux légère, gorge irritée, éternuements","Rhume"
"maux de ventre, fatigue, diarrhée","Gastro-entérite"
"frissons, nez qui coule, toux, courbatures, fatigue","Grippe"
"amygdales gonflées, gorge rouge, fièvre, ganglions enflés, difficulté à avaler","Angine"
"courbatures, maux de tête, fatigue","Grippe"
"transpiration abondante, nausée, maux de tête","Paludisme"
"fatigue, fièvre, nez qui coule","Grippe"
"gorge rouge, fièvre élevée, difficulté à avaler","Angine"
"fatigue, maux d’estomac, fièvre légère","Gastro-entérite"
"fièvre élevée, transpiration abondante, frissons","Paludisme"
"nausée, vomissements, diarrhée","Gastro-entérite"
"transpiration abondante, douleurs abdominales, nausées, maux de tête","Paludisme"
"toux, fatigue, nez bouché, maux de tête, nez qui coule","Grippe"
"frissons, maux de gorge, toux sèche, nez qui coule","Grippe"
"fatigue légère, gorge irritée, éternuements, nez qui coule","Rhume"
"maux de ventre, maux d’estomac, fatigue, perte d’appétit","Gastro-entérite"
"perte d’odorat, maux de tête, fatigue, difficultés respiratoires","Covid-19"
"perte d’odorat, difficultés respiratoires, fièvre modérée, toux sèche, fièvre","Covid-19"
"nausée, fièvre élevée, douleurs musculaires, nausées, douleurs abdominales","Paludisme"
"nausée, perte d’appétit, maux d’estomac, crampes abdominales","Gastro-entérite"
"frissons, nez bouché, toux","Grippe"
"douleurs abdominales, fatigue, frissons","Paludisme"
"douleur à la déglutition, difficulté à avaler, ganglions enflés, amygdales gonflées","Angine"
"perte du goût, fatigue, toux sèche","Covid-19"
"nez bouché, frissons, courbatures, fatigue, nez qui coule","Grippe"
"perte d’odorat, difficultés respiratoires, maux de tête, fatigue, toux sèche","Covid-19"
"fièvre élevée, amygdales gonflées, fièvre, douleur à la déglutition, ganglions enflés","Angine"
"courbatures, toux, fatigue, nez qui coule","Grippe"
"nez qui coule, toux sèche, courbatures","Grippe"
"fièvre modérée, difficultés respiratoires, douleurs musculaires","Covid-19"
"courbatures, toux, maux de tête","Grippe"
"fièvre, courbatures, nez bouché, nez qui coule","Grippe"
"perte d’appétit, crampes abdominales, maux de ventre, nausée","Gastro-entérite"
"amygdales gonflées, fièvre élevée, ganglions enflés, gorge très douloureuse, douleur à la déglutition","Angine"
"fatigue, fièvre élevée, douleurs abdominales, maux de tête","Paludisme"
"gorge très douloureuse, douleur à la déglutition, ganglions enflés, difficulté à avaler","Angine"
"amygdales gonflées, douleur à la déglutition, gorge rouge","Angine"
"fièvre modérée, fièvre, douleurs musculaires, fatigue","Covid-19"
"maux de gorge, toux légère, éternuements","Rhume"
"maux de tête, nez qui coule, gorge irritée","Rhume"
"toux légère, nez bouché, fatigue légère, maux de tête","Rhume"
"douleurs abdominales, fatigue, maux de tête","Paludisme"
"ganglions enflés, gorge rouge, gorge très douloureuse","Angine"
"maux de tête, fatigue, douleurs musculaires","Paludisme"
"fièvre élevée, nausée, transpiration abondante, douleurs musculaires, maux de tête","Paludisme"
"éternuements, nez bouché, toux légère, maux de tête","Rhume"
"fièvre, gorge très douloureuse, amygdales gonflées","Angine"
"maux de tête, fatigue, nez bouché","Grippe"
"gorge rouge, fièvre élevée, amygdales gonflées","Angine"
"douleur à la déglutition, amygdales gonflées, difficulté à avaler, gorge très douloureuse, gorge rouge","Angine"
"courbatures, nez bouché, toux","Grippe"
"fièvre, fièvre élevée, ganglions enflés, gorge très douloureuse","Angine"
"toux sèche, courbatures, maux de tête","Grippe"
"fatigue légère, éternuements, toux légère","Rhume"
"ganglions enflés, difficulté à avaler, gorge très douloureuse, fièvre élevée","Angine"
"fatigue légère, gorge irritée, maux de gorge, nez bouché","Rhume"
"toux sèche, fièvre, difficultés respiratoires","Covid-19"
"nez qui coule, courbatures, nez bouché","Grippe"
"perte d’appétit, diarrhée, nausée, fatigue","Gastro-entérite"
"toux sèche, perte d’odorat, douleurs musculaires","Covid-19"
"toux, maux de tête, courbatures, nez bouché","Grippe"
"douleurs musculaires, perte d’odorat, difficultés respiratoires, fièvre, perte du goût","Covid-19"
"fatigue, toux, nez bouché, maux de tête","Grippe"
"fièvre élevée, ganglions enflés, douleur à la déglutition, gorge rouge, amygdales gonflées","Angine"
"fièvre modérée, difficultés respiratoires, douleurs musculaires, fièvre, perte d’odorat","Covid-19"
"vomissements, diarrhée, fatigue, fièvre légère, nausée","Gastro-entérite"
"toux, maux de gorge, fièvre","Grippe"
"toux sèche, perte du goût, fatigue","Covid-19"
"maux de gorge, toux, fatigue, nez bouché","Grippe"
"maux d’estomac, fièvre légère, maux de ventre, crampes abdominales","Gastro-entérite"
"fièvre élevée, douleurs abdominales, nausée, nausées, douleurs musculaires","Paludisme"
"nausée, perte d’appétit, fatigue, diarrhée","Gastro-entérite"
"douleur à la déglutition, fièvre élevée, gorge très douloureuse","Angine"
"fièvre, douleur à la déglutition, gorge très douloureuse","Angine"
"maux de gorge, toux sèche, toux, nez bouché","Grippe"
"fatigue, toux sèche, perte d’odorat","Covid-19"
"douleur à la déglutition, fièvre élevée, difficulté à avaler, fièvre, gorge rouge","Angine"
"frissons, fatigue, toux, maux de tête, toux sèche","Grippe"
"perte d’appétit, vomissements, maux d’estomac","Gastro-entérite"
"gorge rouge, fièvre élevée, douleur à la déglutition, difficulté à avaler, amygdales gonflées","Angine"
"nez bouché, maux de tête, maux de gorge","Grippe"
"vomissements, maux d’estomac, fatigue, nausée, fièvre légère","Gastro-entérite"
"toux, nez bouché, maux de tête","Grippe"
"nausée, fièvre élevée, nausées, transpiration abondante, fatigue","Paludisme"
"maux de tête, douleurs abdominales, fatigue, frissons","Paludisme"
"fatigue, nausées, nausée","Paludisme"
"gorge très douloureuse, fièvre élevée, difficulté à avaler, gorge rouge, ganglions enflés","Angine"
"vomissements, fièvre légère, diarrhée","Gastro-entérite"
"éternuements, gorge irritée, fatigue légère, toux légère","Rhume"
"courbatures, nez qui coule, maux de tête, nez bouché","Grippe"
"ganglions enflés, fièvre, amygdales gonflées","Angine"
"nez bouché, nez qui coule, toux légère, éternuements","Rhume"
"maux d’estomac, perte d’appétit, vomissements, fatigue, maux de ventre","Gastro-entérite"
"douleurs musculaires, maux de tête, toux sèche, perte du goût","Covid-19"
"maux de tête, transpiration abondante, fatigue, nausée, fièvre élevée","Paludisme"
"maux de tête, nez bouché, fatigue","Grippe"
"toux sèche, nez bouché, maux de tête, fièvre, frissons","Grippe"
"toux légère, éternuements, maux de gorge, fatigue légère, nez bouché","Rhume"
"difficulté à avaler, ganglions enflés, amygdales gonflées, gorge très douloureuse, douleur à la déglutition","Angine"
"maux de tête, fatigue, nausées","Paludisme"
"maux de tête, courbatures, toux sèche","Grippe"
"amygdales gonflées, fièvre élevée, gorge rouge","Angine"
"fièvre élevée, nausée, maux de tête","Paludisme"
"nausée, fièvre légère, diarrhée, fatigue, crampes abdominales","Gastro-entérite"
"nez bouché, maux de gorge, fatigue légère, nez qui coule","Rhume"
"maux de tête, fièvre élevée, frissons, nausées, douleurs abdominales","Paludisme"
"frissons, douleurs musculaires, douleurs abdominales, maux de tête, fièvre élevée","Paludisme"
"frissons, maux de tête, fatigue","Paludisme"
"amygdales gonflées, gorge très douloureuse, ganglions enflés","Angine"
"nez qui coule, toux sèche, fatigue, maux de tête, frissons","Grippe"
"toux légère, nez qui coule, nez bouché, gorge irritée, maux de tête","Rhume"
"toux, frissons, maux de gorge, fatigue","Grippe"
"maux d’estomac, fièvre légère, fatigue, nausée, vomissements","Gastro-entérite"
"fatigue, fièvre, toux, maux de gorge","Grippe"
"perte du goût, fatigue, fièvre, perte d’odorat","Covid-19"
"nausées, fatigue, fièvre élevée, maux de tête, frissons","Paludisme"
"frissons, douleurs musculaires, nausée, fatigue","Paludisme"
"douleurs musculaires, fatigue, nausées, frissons, nausée","Paludisme"
"fièvre modérée, douleurs musculaires, perte du goût","Covid-19"
"éternuements, maux de gorge, toux légère, nez bouché","Rhume"
"maux de gorge, nez qui coule, fatigue légère, gorge irritée","Rhume"
"maux de tête, toux sèche, perte d’odorat, perte du goût, douleurs musculaires","Covid-19"
"nausée, douleurs abdominales, fatigue, frissons, transpiration abondante","Paludisme"
"douleur à la déglutition, difficulté à avaler, gorge rouge, fièvre élevée","Angine"
"amygdales gonflées, ganglions enflés, fièvre, douleur à la déglutition, gorge rouge","Angine"
"diarrhée, vomissements, perte d’appétit, nausée, fièvre légère","Gastro-entérite"
"nez bouché, toux, toux sèche","Grippe"
"gorge rouge, fièvre élevée, douleur à la déglutition","Angine"
"maux de tête, toux sèche, douleurs musculaires, fatigue","Covid-19"
"fièvre légère, vomissements, diarrhée, maux de ventre","Gastro-entérite"
"éternuements, fatigue légère, gorge irritée, maux de tête","Rhume"
"douleur à la déglutition, fièvre, amygdales gonflées, fièvre élevée","Angine"
"nausée, perte d’appétit, vomissements","Gastro-entérite"
"fièvre élevée, maux de tête, fatigue, frissons, transpiration abondante","Paludisme"
"toux, courbatures, fatigue, nez qui coule, maux de tête","Grippe"
"nez qui coule, maux de gorge, maux de tête","Grippe"
"nez qui coule, toux légère, maux de gorge, maux de tête, fatigue légère","Rhume"
"fièvre élevée, fatigue, frissons, nausées","Paludisme"
"courbatures, toux, nez qui coule, toux sèche, maux de gorge","Grippe"
"maux de gorge, toux légère, nez qui coule, fatigue légère, maux de tête","Rhume"
"difficulté à avaler, fièvre, gorge très douloureuse, douleur à la déglutition","Angine"
"perte du goût, maux de tête, fatigue","Covid-19"
"douleur à la déglutition, gorge très douloureuse, difficulté à avaler, fièvre, ganglions enflés","Angine"
"éternuements, nez qui coule, fatigue légère, gorge irritée","Rhume"
"fièvre, maux de tête, fièvre modérée","Covid-19"
"frissons, nausée, fatigue","Paludisme"
"gorge irritée, maux de gorge, toux légère, maux de tête, éternuements","Rhume"
"maux de gorge, nez bouché, toux légère, fatigue légère, nez qui coule","Rhume"
"fatigue, nausée, maux de tête","Paludisme"
"nausée, fatigue, fièvre élevée, douleurs abdominales","Paludisme"
"éternuements, maux de tête, nez qui coule, toux légère, fatigue légère","Rhume"
"transpiration abondante, nausées, fièvre élevée","Paludisme"
"courbatures, maux de tête, nez qui coule","Grippe"
"fatigue, perte d’appétit, diarrhée, maux d’estomac, vomissements","Gastro-entérite"
"perte d’odorat, perte du goût, maux de tête, fatigue, toux sèche","Covid-19"
"frissons, douleurs musculaires, nausée, douleurs abdominales","Paludisme"
"fatigue, transpiration abondante, frissons, douleurs abdominales, nausées","Paludisme"
"fièvre, fatigue, douleurs musculaires","Covid-19"
"maux de gorge, frissons, nez bouché, courbatures","Grippe"
"frissons, fatigue, douleurs musculaires, transpiration abondante","Paludisme"
"gorge rouge, fièvre, douleur à la déglutition, gorge très douloureuse, fièvre élevée","Angine"
"nez bouché, toux légère, nez qui coule, maux de gorge","Rhume"
"difficulté à avaler, amygdales gonflées, ganglions enflés, gorge très douloureuse","Angine"
"amygdales gonflées, difficulté à avaler, gorge rouge, fièvre élevée, gorge très douloureuse","Angine"
"toux, fatigue, frissons, maux de tête, fièvre","Grippe"
"diarrhée, vomissements, perte d’appétit, fièvre légère","Gastro-entérite"
"fièvre modérée, toux sèche, fièvre, fatigue","Covid-19"
"fièvre légère, fatigue, perte d’appétit, maux d’estomac, vomissements","Gastro-entérite"
"fièvre modérée, toux sèche, douleurs musculaires, perte d’odorat, maux de tête","Covid-19"
"courbatures, nez qui coule, fièvre","Grippe"
"douleur à la déglutition, ganglions enflés, fièvre, gorge très douloureuse","Angine"
"perte d’appétit, crampes abdominales, fièvre légère, vomissements, nausée","Gastro-entérite"
"crampes abdominales, maux de ventre, diarrhée","Gastro-entérite"
"frissons, fièvre, toux sèche, nez qui coule","Grippe"
"fatigue, fièvre, difficultés respiratoires","Covid-19"
"gorge irritée, éternuements, maux de gorge, nez qui coule, toux légère","Rhume"
"toux, maux de gorge, fièvre, nez bouché","Grippe"
"toux sèche, nez bouché, frissons, toux, courbatures","Grippe"
"amygdales gonflées, gorge très douloureuse, fièvre élevée, difficulté à avaler, douleur à la déglutition","Angine"
"fatigue, transpiration abondante, douleurs abdominales","Paludisme"
"transpiration abondante, douleurs abdominales, nausée","Paludisme"
"fatigue légère, éternuements, maux de tête, toux légère","Rhume"
"perte d’odorat, difficultés respiratoires, fièvre modérée","Covid-19"
"fièvre, toux, nez qui coule, fatigue","Grippe"
"fièvre légère, nausée, fatigue","Gastro-entérite"
"nez bouché, fatigue légère, nez qui coule, maux de gorge, gorge irritée","Rhume"
"frissons, douleurs abdominales, douleurs musculaires, fatigue","Paludisme"
"maux de tête, fièvre, nez qui coule, toux","Grippe"
"douleurs musculaires, perte du goût, fatigue, toux sèche","Covid-19"
"douleurs abdominales, nausées, maux de tête, nausée, fatigue","Paludisme"
"diarrhée, crampes abdominales, fatigue, nausée","Gastro-entérite"
"toux sèche, fièvre, maux de gorge","Grippe"
"toux légère, maux de gorge, fatigue légère","Rhume"
"douleurs musculaires, nausée, transpiration abondante, fièvre élevée","Paludisme"
"fièvre, gorge rouge, gorge très douloureuse, amygdales gonflées, ganglions enflés","Angine"
"gorge très douloureuse, ganglions enflés, fièvre","Angine"
"gorge rouge, gorge très douloureuse, amygdales gonflées","Angine"
"ganglions enflés, gorge très douloureuse, amygdales gonflées, douleur à la déglutition","Angine"
"éternuements, toux légère, nez bouché, nez qui coule, fatigue légère","Rhume"
"maux de ventre, crampes abdominales, fatigue, diarrhée, perte d’appétit","Gastro-entérite"
"douleurs musculaires, maux de tête, transpiration abondante","Paludisme"
"ganglions enflés, difficulté à avaler, douleur à la déglutition, fièvre élevée","Angine"
"crampes abdominales, diarrhée, fièvre légère, fatigue, perte d’appétit","Gastro-entérite"
"fatigue, nausée, maux de tête","Paludisme"
"amygdales gonflées, difficulté à avaler, gorge rouge, fièvre, fièvre élevée","Angine"
"fièvre élevée, amygdales gonflées, gorge très douloureuse, ganglions enflés, fièvre","Angine"
"toux sèche, perte du goût, fatigue, fièvre, maux de tête","Covid-19"
"maux de tête, fièvre modérée, fièvre, fatigue, perte d’odorat","Covid-19"
"maux de tête, fièvre, maux de gorge, courbatures","Grippe"
"douleurs musculaires, fatigue, frissons, transpiration abondante","Paludisme"
"fatigue, frissons, transpiration abondante","Paludisme"
"toux légère, éternuements, gorge irritée","Rhume"
"crampes abdominales, fièvre légère, diarrhée","Gastro-entérite"
"fatigue, nausée, maux de tête, fièvre élevée, frissons","Paludisme"
"douleurs musculaires, fatigue, transpiration abondante","Paludisme"
"fatigue, nez bouché, fièvre, toux sèche","Grippe"
"douleurs musculaires, difficultés respiratoires, fatigue","Covid-19"
"fièvre élevée, gorge très douloureuse, fièvre, amygdales gonflées","Angine"
"maux de gorge, nez qui coule, maux de tête, fièvre, fatigue","Grippe"
"frissons, fièvre élevée, nausée, douleurs musculaires, transpiration abondante","Paludisme"
"maux de tête, fatigue, douleurs musculaires, fièvre élevée","Paludisme"
"fatigue, perte d’appétit, maux d’estomac, vomissements","Gastro-entérite"
"frissons, toux, nez qui coule, fièvre","Grippe"
"fièvre, ganglions enflés, fièvre élevée, douleur à la déglutition, difficulté à avaler","Angine"
"fièvre, nez qui coule, nez bouché","Grippe"
"maux de gorge, maux de tête, gorge irritée, toux légère","Rhume"
"ganglions enflés, gorge rouge, fièvre élevée","Angine"
"toux, nez qui coule, fatigue, maux de tête, fièvre","Grippe"
"nez bouché, toux sèche, toux, fatigue, frissons","Grippe"
"ganglions enflés, amygdales gonflées, gorge très douloureuse, fièvre élevée, fièvre","Angine"
"maux de tête, fatigue, douleurs musculaires, fièvre élevée, transpiration abondante","Paludisme"
"toux sèche, perte du goût, difficultés respiratoires","Covid-19"
"gorge très douloureuse, difficulté à avaler, fièvre élevée, ganglions enflés","Angine"
"ganglions enflés, douleur à la déglutition, gorge rouge","Angine"
"crampes abdominales, maux d’estomac, fièvre légère","Gastro-entérite"
"nez qui coule, courbatures, maux de tête","Grippe"
"fièvre modérée, maux de tête, toux sèche, perte du goût","Covid-19"
"douleurs musculaires, frissons, douleurs abdominales, maux de tête, nausée","Paludisme"
"ganglions enflés, amygdales gonflées, gorge rouge, gorge très douloureuse","Angine"
"nausée, frissons, fatigue, transpiration abondante","Paludisme"
"frissons, nez qui coule, maux de gorge, fièvre","Grippe"
"fièvre, gorge rouge, difficulté à avaler, gorge très douloureuse","Angine"
"fatigue légère, maux de gorge, éternuements, nez qui coule, toux légère","Rhume"
"fatigue légère, éternuements, gorge irritée","Rhume"
"nez qui coule, maux de gorge, fatigue légère, nez bouché","Rhume"
"toux sèche, fièvre modérée, douleurs musculaires, fatigue, perte d’odorat","Covid-19"
"maux de gorge, toux sèche, toux","Grippe"
"fièvre élevée, amygdales gonflées, gorge très douloureuse, difficulté à avaler","Angine"
"fièvre élevée, fièvre, douleur à la déglutition, difficulté à avaler","Angine"
"fatigue, perte d’appétit, maux de ventre, diarrhée, maux d’estomac","Gastro-entérite"
"courbatures, toux sèche, maux de tête, nez qui coule","Grippe"
"perte d’odorat, difficultés respiratoires, fièvre","Covid-19"
"frissons, transpiration abondante, maux de tête","Paludisme"
"gorge irritée, fatigue légère, éternuements, nez qui coule, maux de gorge","Rhume"
"toux légère, gorge irritée, maux de gorge, nez bouché, fatigue légère","Rhume"
"ganglions enflés, gorge très douloureuse, fièvre élevée, gorge rouge, douleur à la déglutition","Angine"
"maux de ventre, fièvre légère, maux d’estomac","Gastro-entérite"
"fièvre élevée, gorge rouge, gorge très douloureuse, difficulté à avaler, douleur à la déglutition","Angine"
"fatigue légère, nez qui coule, maux de tête","Rhume"
"perte du goût, douleurs musculaires, perte d’odorat","Covid-19"
"maux de gorge, nez bouché, éternuements","Rhume"
"frissons, fièvre, nez bouché","Grippe"
"toux sèche, douleurs musculaires, fièvre modérée, fièvre, maux de tête","Covid-19"
"toux, courbatures, nez qui coule, fièvre, frissons","Grippe"
"fièvre élevée, transpiration abondante, nausée, fatigue, maux de tête","Paludisme"
"crampes abdominales, diarrhée, fièvre légère","Gastro-entérite"
"douleur à la déglutition, ganglions enflés, difficulté à avaler, gorge rouge","Angine"
"fatigue, difficultés respiratoires, toux sèche","Covid-19"
"douleurs musculaires, maux de tête, difficultés respiratoires, fièvre","Covid-19"
"maux de gorge, maux de tête, nez qui coule, toux légère, gorge irritée","Rhume"
"maux de tête, nausée, transpiration abondante, fièvre élevée, douleurs musculaires","Paludisme"
"fièvre élevée, gorge rouge, douleur à la déglutition","Angine"
"maux de tête, nez qui coule, gorge irritée","Rhume"
"fatigue, fièvre modérée, perte du goût","Covid-19"
"fièvre légère, nausée, fatigue, perte d’appétit, maux d’estomac","Gastro-entérite"
"nez bouché, maux de gorge, éternuements","Rhume"
"difficulté à avaler, amygdales gonflées, fièvre, gorge très douloureuse, ganglions enflés","Angine"
"transpiration abondante, douleurs abdominales, nausées, fièvre élevée, fatigue","Paludisme"
"douleurs musculaires, nausée, douleurs abdominales, fièvre élevée, maux de tête","Paludisme"
"diarrhée, vomissements, fièvre légère, maux de ventre, perte d’appétit","Gastro-entérite"
"fièvre légère, maux de ventre, crampes abdominales, fatigue","Gastro-entérite"
"nez bouché, nez qui coule, toux","Grippe"
"fièvre, maux de gorge, toux","Grippe"
"fièvre élevée, amygdales gonflées, gorge très douloureuse","Angine"
"fatigue, difficultés respiratoires, fièvre modérée, maux de tête, toux sèche","Covid-19"
"fièvre élevée, douleur à la déglutition, amygdales gonflées","Angine"
"toux sèche, perte d’odorat, fièvre modérée, difficultés respiratoires","Covid-19"
"maux de gorge, maux de tête, nez bouché, toux sèche","Grippe"
"difficulté à avaler, gorge très douloureuse, fièvre","Angine"
"courbatures, toux, maux de gorge, frissons, toux sèche","Grippe"
"fièvre élevée, douleurs abdominales, nausée","Paludisme"
"fatigue, nausées, maux de tête, frissons","Paludisme"
"maux de gorge, frissons, fatigue, nez qui coule, courbatures","Grippe"
"fièvre, fièvre modérée, perte d’odorat","Covid-19"
"crampes abdominales, vomissements, perte d’appétit, diarrhée, maux d’estomac","Gastro-entérite"
"fatigue, perte du goût, fièvre, toux sèche, perte d’odorat","Covid-19"
"fatigue, nez qui coule, toux, fièvre, courbatures","Grippe"
"nez bouché, toux sèche, maux de tête, frissons","Grippe"
"nausées, frissons, maux de tête","Paludisme"
"nausée, perte d’appétit, diarrhée","Gastro-entérite"
"toux légère, nez qui coule, nez bouché","Rhume"
"fatigue, toux sèche, fièvre modérée, perte d’odorat, perte du goût","Covid-19"
"crampes abdominales, fièvre légère, nausée, fatigue","Gastro-entérite"
"nausée, maux de tête, nausées","Paludisme"
"maux de tête, nez bouché, fatigue légère, éternuements","Rhume"
"maux d’estomac, fièvre légère, perte d’appétit, diarrhée","Gastro-entérite"
"amygdales gonflées, gorge très douloureuse, gorge rouge","Angine"
"fièvre légère, fatigue, perte d’appétit, vomissements, diarrhée","Gastro-entérite"
"fièvre, amygdales gonflées, gorge rouge, difficulté à avaler, ganglions enflés","Angine"
"gorge rouge, gorge très douloureuse, ganglions enflés","Angine"
"perte d’appétit, fatigue, maux d’estomac","Gastro-entérite"
"douleurs musculaires, maux de tête, douleurs abdominales, fatigue, nausées","Paludisme"
"nausée, perte d’appétit, maux d’estomac, fatigue, crampes abdominales","Gastro-entérite"
"perte du goût, maux de tête, toux sèche","Covid-19"
"gorge très douloureuse, gorge rouge, fièvre élevée","Angine"
"diarrhée, nausée, maux d’estomac","Gastro-entérite"
"gorge rouge, fièvre, douleur à la déglutition, fièvre élevée, difficulté à avaler","Angine"
"douleurs musculaires, transpiration abondante, nausée, fièvre élevée","Paludisme"
"perte d’odorat, difficultés respiratoires, douleurs musculaires, perte du goût, maux de tête","Covid-19"
"nez qui coule, nez bouché, toux","Grippe"
"fièvre légère, crampes abdominales, maux de ventre","Gastro-entérite"
"maux de tête, gorge irritée, nez bouché","Rhume"
"fatigue, frissons, maux de tête, fièvre","Grippe"
"crampes abdominales, fièvre légère, fatigue","Gastro-entérite"
"fatigue, fièvre légère, maux de ventre, vomissements","Gastro-entérite"
"amygdales gonflées, ganglions enflés, gorge très douloureuse","Angine"
"fièvre, perte du goût, fatigue","Covid-19"
"douleurs abdominales, douleurs musculaires, fatigue, fièvre élevée","Paludisme"
"fatigue, diarrhée, nausée","Gastro-entérite"
"fatigue, maux d’estomac, maux de ventre","Gastro-entérite"
"maux de ventre, vomissements, fièvre légère, crampes abdominales, nausée","Gastro-entérite"
"toux légère, nez bouché, éternuements","Rhume"
"fatigue, difficultés respiratoires, toux sèche","Covid-19"
"transpiration abondante, maux de tête, fatigue","Paludisme"
"toux sèche, fièvre, perte d’odorat","Covid-19"
"diarrhée, crampes abdominales, perte d’appétit","Gastro-entérite"
"gorge irritée, nez qui coule, maux de gorge, maux de tête","Rhume"
"douleurs musculaires, frissons, fièvre élevée, transpiration abondante","Paludisme"
"gorge irritée, nez qui coule, toux légère, maux de gorge","Rhume"
"vomissements, crampes abdominales, fièvre légère, maux de ventre, diarrhée","Gastro-entérite"
"maux d’estomac, crampes abdominales, diarrhée, nausée, vomissements","Gastro-entérite"
"gorge très douloureuse, gorge rouge, fièvre élevée","Angine"
"gorge très douloureuse, fièvre, ganglions enflés, difficulté à avaler, amygdales gonflées","Angine"
"diarrhée, maux d’estomac, crampes abdominales","Gastro-entérite"
"difficulté à avaler, ganglions enflés, amygdales gonflées","Angine"
"courbatures, fièvre, maux de gorge, maux de tête","Grippe"
"nausée, douleurs musculaires, nausées","Paludisme"
"fièvre, amygdales gonflées, difficulté à avaler, douleur à la déglutition, gorge rouge","Angine"
"fièvre, maux de tête, toux sèche, perte du goût","Covid-19"
"toux légère, fatigue légère, gorge irritée","Rhume"
"amygdales gonflées, gorge très douloureuse, ganglions enflés, fièvre","Angine"
"perte du goût, douleurs musculaires, fièvre","Covid-19"
"gorge très douloureuse, amygdales gonflées, difficulté à avaler, gorge rouge","Angine"
"maux d’estomac, diarrhée, vomissements, maux de ventre, nausée","Gastro-entérite"
"perte du goût, fièvre, fièvre modérée, fatigue","Covid-19"
"maux de gorge, toux légère, éternuements, gorge irritée","Rhume"
"nez qui coule, maux de gorge, courbatures, fatigue, toux","Grippe"
"maux de gorge, maux de tête, nez bouché","Grippe"
"fatigue légère, maux de gorge, gorge irritée, nez bouché, nez qui coule","Rhume"
"maux de tête, perte d’odorat, douleurs musculaires","Covid-19"
"diarrhée, fatigue, perte d’appétit, vomissements","Gastro-entérite"
"douleurs abdominales, fatigue, frissons","Paludisme"
"diarrhée, nausée, crampes abdominales","Gastro-entérite"
"frissons, fièvre, nez qui coule","Grippe"
"fièvre élevée, amygdales gonflées, gorge rouge, fièvre, gorge très douloureuse","Angine"
"ganglions enflés, douleur à la déglutition, amygdales gonflées","Angine"
"maux de ventre, fièvre légère, maux d’estomac, fatigue, vomissements","Gastro-entérite"
"fièvre élevée, ganglions enflés, fièvre","Angine"
"fièvre élevée, fièvre, difficulté à avaler","Angine"
"fatigue, perte du goût, maux de tête","Covid-19"
"nez bouché, courbatures, frissons, fatigue, toux","Grippe"
"douleur à la déglutition, ganglions enflés, gorge très douloureuse, fièvre, amygdales gonflées","Angine"
"amygdales gonflées, fièvre élevée, gorge rouge, douleur à la déglutition, ganglions enflés","Angine"
"transpiration abondante, nausées, douleurs musculaires, douleurs abdominales","Paludisme"
"maux de tête, courbatures, nez bouché, frissons, fièvre","Grippe"
"toux, maux de gorge, fatigue, fièvre","Grippe"
"fatigue, courbatures, nez qui coule","Grippe"
"douleurs abdominales, transpiration abondante, fatigue, nausée","Paludisme"
"éternuements, nez qui coule, fatigue légère, maux de tête","Rhume"
"maux de ventre, perte d’appétit, maux d’estomac, crampes abdominales","Gastro-entérite"
"éternuements, nez qui coule, toux légère, nez bouché, maux de tête","Rhume"
"frissons, douleurs abdominales, nausées","Paludisme"
"douleurs abdominales, douleurs musculaires, fièvre élevée, nausées","Paludisme"
"difficulté à avaler, ganglions enflés, amygdales gonflées, fièvre élevée","Angine"
"fièvre élevée, douleurs abdominales, fatigue","Paludisme"
"perte du goût, perte d’odorat, douleurs musculaires, fatigue","Covid-19"
"amygdales gonflées, douleur à la déglutition, difficulté à avaler, fièvre, gorge rouge","Angine"
"toux sèche, maux de tête, fièvre modérée","Covid-19"
"nausée, maux de tête, fatigue, douleurs musculaires, fièvre élevée","Paludisme"
"nez qui coule, maux de tête, maux de gorge","Grippe"
"courbatures, toux sèche, frissons, toux","Grippe"
"toux, courbatures, nez bouché, frissons","Grippe"
"fièvre légère, maux de ventre, maux d’estomac","Gastro-entérite"
"diarrhée, perte d’appétit, fatigue","Gastro-entérite"
"fatigue, douleurs abdominales, fièvre élevée, transpiration abondante, nausée","Paludisme"
"nez bouché, éternuements, gorge irritée, toux légère, fatigue légère","Rhume"
"transpiration abondante, fièvre élevée, maux de tête, nausées, douleurs abdominales","Paludisme"
"gorge très douloureuse, fièvre élevée, difficulté à avaler","Angine"
"amygdales gonflées, ganglions enflés, gorge très douloureuse, difficulté à avaler, fièvre élevée","Angine"
"fièvre légère, nausée, diarrhée","Gastro-entérite"
"fièvre, perte d’odorat, fatigue","Covid-19"
"gorge rouge, fièvre élevée, douleur à la déglutition","Angine"
"perte d’odorat, fatigue, fièvre modérée","Covid-19"
"douleurs abdominales, nausée, douleurs musculaires, transpiration abondante, maux de tête","Paludisme"
"frissons, fièvre élevée, nausées, maux de tête, douleurs musculaires","Paludisme"
"ganglions enflés, douleur à la déglutition, gorge très douloureuse","Angine"
"perte du goût, douleurs musculaires, difficultés respiratoires, fièvre, maux de tête","Covid-19"
"fièvre, maux de tête, toux sèche, maux de gorge, courbatures","Grippe"
"nez bouché, toux, fièvre, toux sèche, nez qui coule","Grippe"
"nausée, diarrhée, fatigue, fièvre légère, maux d’estomac","Gastro-entérite"
"nausée, nausées, frissons, douleurs abdominales, fatigue","Paludisme"
"difficulté à avaler, douleur à la déglutition, fièvre, gorge très douloureuse, amygdales gonflées","Angine"
"difficultés respiratoires, toux sèche, fièvre, perte du goût","Covid-19"
"toux sèche, fièvre, fatigue","Covid-19"
"fièvre, courbatures, frissons","Grippe"
"fatigue, fièvre légère, diarrhée, crampes abdominales","Gastro-entérite"
"fatigue, maux de tête, fièvre élevée, douleurs abdominales","Paludisme"
"toux sèche, courbatures, maux de gorge, maux de tête, fièvre","Grippe"
"toux légère, fatigue légère, maux de tête, nez qui coule, gorge irritée","Rhume"
"maux de gorge, nez qui coule, éternuements, maux de tête","Rhume"
"fatigue, frissons, toux, fièvre","Grippe"
"nausée, fatigue, nausées, transpiration abondante","Paludisme"
"nausées, fièvre élevée, maux de tête, douleurs abdominales, douleurs musculaires","Paludisme"
"fièvre, difficultés respiratoires, douleurs musculaires, fatigue","Covid-19"
"douleur à la déglutition, fièvre, difficulté à avaler","Angine"
"douleurs musculaires, frissons, fatigue, douleurs abdominales, transpiration abondante","Paludisme"
"perte du goût, fièvre, fatigue","Covid-19"
"toux sèche, difficultés respiratoires, douleurs musculaires, fièvre modérée","Covid-19"
"fièvre légère, perte d’appétit, nausée, diarrhée","Gastro-entérite"
"toux sèche, difficultés respiratoires, perte du goût, maux de tête","Covid-19"
"fièvre, courbatures, frissons","Grippe"
"crampes abdominales, maux d’estomac, perte d’appétit, vomissements","Gastro-entérite"
"amygdales gonflées, ganglions enflés, douleur à la déglutition, fièvre, fièvre élevée","Angine"
"fatigue, maux d’estomac, nausée","Gastro-entérite"
"nez qui coule, maux de tête, fatigue légère, gorge irritée, éternuements","Rhume"
"perte d’appétit, vomissements, fatigue, maux de ventre, fièvre légère","Gastro-entérite"
"nausées, nausée, douleurs abdominales","Paludisme"
"nez qui coule, éternuements, maux de gorge, gorge irritée, toux légère","Rhume"
"vomissements, diarrhée, fièvre légère","Gastro-entérite"
"vomissements, nausée, fatigue, crampes abdominales","Gastro-entérite"
"fièvre élevée, nausées, transpiration abondante, douleurs abdominales, douleurs musculaires","Paludisme"
"nez qui coule, fièvre, fatigue, courbatures, toux sèche","Grippe"
"perte d’odorat, fièvre modérée, fatigue","Covid-19"
"gorge irritée, maux de tête, toux légère","Rhume"
"fièvre, perte du goût, fatigue","Covid-19"
"maux d’estomac, nausée, maux de ventre","Gastro-entérite"
"toux sèche, fièvre, perte du goût, fièvre modérée, fatigue","Covid-19"
"gorge irritée, fatigue légère, éternuements, toux légère","Rhume"
"frissons, douleurs musculaires, transpiration abondante, nausée","Paludisme"
"fièvre, toux sèche, fatigue, douleurs musculaires, difficultés respiratoires","Covid-19"
"maux de tête, toux sèche, nez bouché, toux","Grippe"
"douleurs musculaires, douleurs abdominales, fièvre élevée, maux de tête, frissons","Paludisme"
"fatigue, perte du goût, perte d’odorat, fièvre modérée","Covid-19"
"éternuements, maux de gorge, toux légère, fatigue légère, nez bouché","Rhume"
"douleurs musculaires, fièvre, perte d’odorat","Covid-19"
"crampes abdominales, maux d’estomac, vomissements","Gastro-entérite"
"maux de tête, fatigue, perte du goût, difficultés respiratoires, toux sèche","Covid-19"
"éternuements, nez bouché, maux de tête, toux légère","Rhume"
"frissons, nez bouché, maux de gorge","Grippe"
"nausée, fièvre légère, fatigue, perte d’appétit","Gastro-entérite"
"nez qui coule, fatigue légère, maux de gorge, toux légère","Rhume"
"éternuements, nez bouché, maux de gorge, gorge irritée, maux de tête","Rhume"
"toux sèche, fièvre, maux de gorge","Grippe"
"maux de tête, toux légère, maux de gorge","Rhume"
"gorge rouge, difficulté à avaler, fièvre, gorge très douloureuse","Angine"
"fatigue, maux de tête, frissons","Paludisme"
"fièvre modérée, toux sèche, difficultés respiratoires","Covid-19"
"difficulté à avaler, gorge rouge, ganglions enflés, amygdales gonflées","Angine"
"gorge rouge, fièvre, ganglions enflés, difficulté à avaler, amygdales gonflées","Angine"
"vomissements, maux d’estomac, diarrhée","Gastro-entérite"
"nausées, transpiration abondante, maux de tête, douleurs musculaires, fatigue","Paludisme"
"maux de tête, douleurs musculaires, fièvre modérée, perte d’odorat","Covid-19"
"fatigue, transpiration abondante, fièvre élevée","Paludisme"
"fièvre légère, crampes abdominales, perte d’appétit","Gastro-entérite"
"fatigue légère, maux de gorge, éternuements, nez qui coule, nez bouché","Rhume"
"gorge rouge, amygdales gonflées, difficulté à avaler, gorge très douloureuse, douleur à la déglutition","Angine"
"nausée, transpiration abondante, douleurs abdominales, fatigue, frissons","Paludisme"
"maux de tête, perte du goût, fièvre modérée","Covid-19"
"maux de tête, nausées, frissons, douleurs abdominales, fatigue","Paludisme"
"douleur à la déglutition, gorge très douloureuse, ganglions enflés, fièvre","Angine"
"frissons, fièvre élevée, fatigue, nausées, douleurs musculaires","Paludisme"
"vomissements, crampes abdominales, diarrhée","Gastro-entérite"
"douleurs musculaires, fièvre modérée, maux de tête, fièvre","Covid-19"
"toux légère, maux de tête, maux de gorge","Rhume"
"douleurs abdominales, maux de tête, fatigue","Paludisme"
"fièvre modérée, difficultés respiratoires, fièvre","Covid-19"
"nausée, maux d’estomac, diarrhée, fatigue","Gastro-entérite"
"toux légère, éternuements, fatigue légère, maux de gorge","Rhume"
"fièvre légère, maux de ventre, fatigue","Gastro-entérite"
"douleur à la déglutition, fièvre, difficulté à avaler, ganglions enflés, gorge rouge","Angine"
"fièvre légère, crampes abdominales, diarrhée, maux de ventre","Gastro-entérite"
"maux de tête, fatigue légère, nez bouché","Rhume"
"nausées, maux de tête, transpiration abondante","Paludisme"
"diarrhée, maux d’estomac, fièvre légère","Gastro-entérite"
"courbatures, maux de gorge, frissons","Grippe"
"fatigue légère, nez bouché, nez qui coule","Rhume"
"maux d’estomac, nausée, perte d’appétit, vomissements","Gastro-entérite"
"toux sèche, nez qui coule, nez bouché, toux","Grippe"
"crampes abdominales, perte d’appétit, nausée, maux de ventre, maux d’estomac","Gastro-entérite"
"nausée, perte d’appétit, crampes abdominales, fatigue","Gastro-entérite"
"gorge très douloureuse, gorge rouge, difficulté à avaler","Angine"
"difficulté à avaler, douleur à la déglutition, gorge très douloureuse, amygdales gonflées","Angine"
"douleurs musculaires, toux sèche, fièvre modérée, fatigue","Covid-19"
"transpiration abondante, frissons, maux de tête, douleurs abdominales","Paludisme"
"perte d’appétit, maux de ventre, crampes abdominales, nausée, maux d’estomac","Gastro-entérite"
"nez qui coule, maux de tête, nez bouché, gorge irritée, maux de gorge","Rhume"
"perte du goût, perte d’odorat, douleurs musculaires, difficultés respiratoires, fièvre","Covid-19"
"gorge rouge, difficulté à avaler, ganglions enflés, fièvre","Angine"
"maux de tête, nez qui coule, maux de gorge","Rhume"
"gorge très douloureuse, fièvre élevée, gorge rouge, fièvre","Angine"
"nez bouché, frissons, courbatures","Grippe"
"maux de ventre, diarrhée, fatigue, perte d’appétit","Gastro-entérite"
"maux de gorge, toux légère, nez qui coule, fatigue légère","Rhume"
"douleurs abdominales, fatigue, nausée","Paludisme"
"perte d’appétit, diarrhée, vomissements, maux de ventre","Gastro-entérite"
"transpiration abondante, fièvre élevée, douleurs musculaires, frissons","Paludisme"
"maux de gorge, toux, maux de tête, toux sèche, fièvre","Grippe"
"douleurs abdominales, nausée, nausées, transpiration abondante","Paludisme"
"maux de gorge, maux de tête, nez qui coule, fatigue légère, nez bouché","Rhume"
"fièvre légère, crampes abdominales, diarrhée, fatigue","Gastro-entérite"
"maux de gorge, toux légère, nez bouché, éternuements","Rhume"
"toux sèche, frissons, nez qui coule, maux de gorge","Grippe"
"frissons, fatigue, maux de tête, nausée","Paludisme"
"maux de ventre, crampes abdominales, vomissements","Gastro-entérite"
"fatigue, douleurs musculaires, frissons, maux de tête","Paludisme"
"amygdales gonflées, gorge rouge, difficulté à avaler, fièvre, douleur à la déglutition","Angine"
"gorge rouge, fièvre élevée, amygdales gonflées","Angine"
"frissons, toux, fièvre, maux de tête, nez qui coule","Grippe"
"amygdales gonflées, fièvre élevée, fièvre, difficulté à avaler","Angine"
"maux de tête, courbatures, toux, frissons","Grippe"
"éternuements, maux de tête, toux légère, gorge irritée","Rhume"
"maux de tête, nez bouché, toux légère, maux de gorge","Rhume"
"douleurs musculaires, nausée, fatigue, fièvre élevée, frissons","Paludisme"
"vomissements, fièvre légère, maux de ventre","Gastro-entérite"
"douleurs musculaires, transpiration abondante, frissons, maux de tête","Paludisme"
"toux sèche, maux de gorge, courbatures, nez qui coule","Grippe"
"fatigue, crampes abdominales, maux d’estomac, fièvre légère, perte d’appétit","Gastro-entérite"
"fatigue légère, maux de tête, toux légère, maux de gorge, éternuements","Rhume"
"fièvre modérée, perte d’odorat, maux de tête, fatigue, difficultés respiratoires","Covid-19"
"toux, nez bouché, courbatures, fièvre, toux sèche","Grippe"
"fatigue, nausée, crampes abdominales, maux de ventre, fièvre légère","Gastro-entérite"
"courbatures, fièvre, toux","Grippe"
"douleurs musculaires, perte d’odorat, fièvre modérée, maux de tête","Covid-19"
"maux de gorge, nez bouché, gorge irritée","Rhume"
"nez qui coule, gorge irritée, maux de tête, toux légère, nez bouché","Rhume"
"amygdales gonflées, fièvre élevée, fièvre, douleur à la déglutition","Angine"
"difficulté à avaler, gorge rouge, douleur à la déglutition, gorge très douloureuse, ganglions enflés","Angine"
"diarrhée, fatigue, perte d’appétit, maux d’estomac","Gastro-entérite"
"maux de ventre, perte d’appétit, maux d’estomac","Gastro-entérite"
"nez bouché, courbatures, fièvre, fatigue","Grippe"
"fièvre légère, nausée, perte d’appétit, maux de ventre, crampes abdominales","Gastro-entérite"
"nez bouché, fièvre, courbatures, frissons, toux","Grippe"
"maux de tête, difficultés respiratoires, perte d’odorat, douleurs musculaires, fièvre modérée","Covid-19"
"fatigue légère, nez qui coule, éternuements, maux de tête","Rhume"
"fièvre élevée, gorge rouge, difficulté à avaler","Angine"
"fièvre, fatigue, toux sèche, difficultés respiratoires","Covid-19"
"nausée, fatigue, perte d’appétit","Gastro-entérite"
"ganglions enflés, difficulté à avaler, gorge rouge, fièvre, gorge très douloureuse","Angine"
"nausées, maux de tête, transpiration abondante","Paludisme"
"toux sèche, difficultés respiratoires, fièvre modérée, fatigue, maux de tête","Covid-19"
"toux sèche, perte d’odorat, douleurs musculaires","Covid-19"
"courbatures, nez qui coule, frissons","Grippe"
"fièvre, ganglions enflés, gorge très douloureuse, fièvre élevée, difficulté à avaler","Angine"
"fièvre, fatigue, douleurs musculaires, perte du goût","Covid-19"
"fièvre élevée, gorge très douloureuse, ganglions enflés, gorge rouge","Angine"
"fièvre, amygdales gonflées, difficulté à avaler, fièvre élevée","Angine"
"maux de tête, toux sèche, fièvre","Covid-19"
